n,gen,seq,prom
1,0.0000982325,0.0003685705,0.000039678
2,0.000114423,0.0004394745,0.0000451105
3,0.000124937,0.0003499585,0.000048428
4,0.00011711,0.0002219755,0.000054475
5,0.0001418185,0.000279923,0.0000745415
6,0.00015195,0.000259701,0.0000894025
7,0.0001702155,0.000296021,0.0001084435
8,0.0001625795,0.00030917,0.0001277065
9,0.0001731605,0.0003252835,0.0001446195
10,0.000165587,0.000372626,0.0001642605
11,0.000180433,0.0004169935,0.000184183
12,0.0001825945,0.0004441905,0.0002073395
13,0.000194801,0.0004786905,0.0002340315
14,0.000208465,0.0005141995,0.000262388
15,0.000220643,0.0005635075,0.0002946715
16,0.000235338,0.0006064635,0.0003296965
17,0.000248976,0.0006399895,0.0003574545
18,0.0002600015,0.0006888715,0.00039448
19,0.0002742355,0.00072153,0.0004281385
20,0.0002883505,0.0007691285,0.000467663
21,0.000300012,0.0008096605,0.00050832
22,0.00031352,0.000848964,0.000547566
23,0.000330347,0.000915036,0.0005842645
24,0.0003429935,0.0010331165,0.000628234
25,0.0003556385,0.0011178925,0.000676649
26,0.0003531335,0.0011243515,0.000712687
27,0.0003460425,0.001104609,0.000733842
28,0.0003582475,0.001134007,0.000782678
29,0.0003447745,0.00107342,0.00082332
30,0.000342298,0.0010571525,0.0008538555
31,0.000349985,0.001117162,0.000903507
32,0.000347769,0.0011358035,0.0009261095
33,0.0003576365,0.001178914,0.0009833355
34,0.0003647245,0.0012179565,0.001033067
35,0.000375442,0.001293538,0.001110568
36,0.0002200335,0.000947378,0.000298235
37,0.000221931,0.0009428015,0.000302926
38,0.0002481805,0.001020152,0.000340999
39,0.0002778125,0.0011984585,0.0003629775
40,0.0002842695,0.001197056,0.0003783755
41,0.000292177,0.001279871,0.000395687
42,0.0003002575,0.001331818,0.000413729
43,0.000307615,0.001380596,0.000432546
44,0.0003136815,0.0014321605,0.000450225
45,0.000321423,0.0014937265,0.0004721805
46,0.000329956,0.001550619,0.0004877545
47,0.0005715225,0.002271782,0.0021847555
48,0.000573986,0.0025967005,0.0022551355
49,0.000575828,0.002665699,0.002299553
50,0.0005786615,0.0027032405,0.002373674
51,0.0005816875,0.002750336,0.0024106105
52,0.0005765275,0.0027783265,0.002442391
53,0.0005738885,0.0027796405,0.0025101005
54,0.0005732405,0.002770343,0.0025451725
55,0.0005468755,0.0027217235,0.002504326
56,0.0005430645,0.0028064065,0.0025676215
57,0.0005363655,0.0028393325,0.0026566345
58,0.0005469105,0.002920472,0.0027394015
59,0.000554228,0.0030338865,0.002823447
60,0.000564208,0.003071712,0.0029195245
61,0.000571926,0.00314583,0.00300804
62,0.000581874,0.0032617365,0.0031153755
63,0.0005925575,0.0033033425,0.003211745
64,0.000672253,0.0038432885,0.003698409
65,0.0006649065,0.0038252445,0.003715426
66,0.000662701,0.0037665825,0.0037883025
67,0.000657801,0.0036099365,0.003793104
68,0.000653571,0.0036469355,0.003829483
69,0.0006689335,0.003689832,0.003964426
70,0.0003408345,0.0023932135,0.0008545115
71,0.0003425705,0.002429518,0.000860586
72,0.000352261,0.0024874515,0.0008948545
73,0.0003514655,0.0025044705,0.000910226
74,0.000371837,0.00263276,0.000972731
75,0.000365655,0.0026347685,0.000979613
76,0.0003663575,0.0026365125,0.0009806525
77,0.000373303,0.0026565545,0.0010031755
78,0.0003772045,0.0026991565,0.001031201
79,0.000384539,0.0028140135,0.0010549335
80,0.000385494,0.0028383125,0.001078615
81,0.000390475,0.0028529305,0.001106568
82,0.000396444,0.0029373385,0.001144958
83,0.0003998155,0.0030315705,0.0011653275
84,0.000404541,0.0030385955,0.0011891955
85,0.000408906,0.0030834715,0.0012158005
86,0.0004133345,0.0031639855,0.0012489975
87,0.0004179765,0.0032574535,0.0012795505
88,0.0004237265,0.0032800525,0.001303129
89,0.0004286445,0.00331495,0.001331954
90,0.000431553,0.0034281585,0.001361008
91,0.0004372675,0.003414412,0.0013868715
92,0.000443344,0.003482533,0.0014158685
93,0.000446458,0.003563613,0.001452197
94,0.0004506515,0.0036423845,0.0014795465
95,0.00045444,0.0036697945,0.0015127135
96,0.0004615725,0.004271756,0.001551277
97,0.000465925,0.00440395,0.0015777885
98,0.0004695,0.0044613415,0.001609824
99,0.0004785445,0.004683525,0.0016835735
100,0.0004778295,0.004609827,0.001674969
101,0.0004829315,0.0046939555,0.001712951
102,0.00048946,0.0047426805,0.0017445635
103,0.000491365,0.0048102605,0.0017779505
104,0.000498018,0.004956514,0.001812941
105,0.000502392,0.004972273,0.001847336
106,0.000505914,0.0051280585,0.0018831535
107,0.000509648,0.005094412,0.001920336
108,0.000517613,0.0051870055,0.0019524355
109,0.000523205,0.0054405485,0.002024391
110,0.000524453,0.005320311,0.0020328285
111,0.000531094,0.0054474615,0.0020772435
112,0.00053468,0.005444717,0.002101591
113,0.000541444,0.0055397585,0.0021455125
114,0.0005449885,0.005597288,0.002179424
115,0.000549914,0.0057093895,0.002217783
116,0.0005540735,0.0057457765,0.0022593675
117,0.0005598795,0.0058492725,0.002299
118,0.000564241,0.0061325895,0.0023748075
119,0.0005669935,0.006010028,0.0023787975
120,0.000572446,0.0060647185,0.0024148375
121,0.000576235,0.0061528475,0.002453144
122,0.000582342,0.006220109,0.002514179
123,0.000588361,0.0063469655,0.002548107
124,0.00059103,0.0063663925,0.0025749495
125,0.000597838,0.006583679,0.0026594565
126,0.0006002315,0.0068107045,0.0026928165
127,0.000604455,0.0066400485,0.0027065425
128,0.0006107355,0.0067420645,0.002753916
129,0.0006149275,0.006819257,0.002794215
130,0.000615656,0.0069854595,0.002854677
131,0.0006206365,0.0069930135,0.002872702
132,0.0006286415,0.0070867165,0.0029195545
133,0.0006457775,0.007517739,0.003011048
134,0.0006353575,0.007220674,0.00301224
135,0.000640614,0.007315881,0.0030452935
136,0.000646858,0.0074349375,0.003103779
137,0.0006502865,0.00748128,0.0031360245
138,0.0006564425,0.007616016,0.0031946075
139,0.0006586445,0.0076643475,0.00324119
140,0.0006796195,0.008110834,0.0033760295
141,0.0006657985,0.007926974,0.003343288
142,0.0006706495,0.008041717,0.003391346
143,0.000677875,0.0079991245,0.003416303
144,0.0006798125,0.008085292,0.0034698935
145,0.0006864295,0.008217786,0.003535611
146,0.0006895845,0.008290101,0.003583939
147,0.000708638,0.0088047415,0.0036944085
148,0.00069975,0.008514844,0.003668735
149,0.0007038905,0.008567982,0.0037219985
150,0.0007111855,0.008655061,0.003757639
151,0.000715667,0.008722279,0.0038065965
152,0.0007203125,0.0089047325,0.0038832615
153,0.000736051,0.0091538185,0.004004424
154,0.0007397,0.0094385775,0.004008271
155,0.000733825,0.00915883,0.0040231335
156,0.000739835,0.009216685,0.004066326
157,0.000742876,0.0093343305,0.004135279
158,0.000746562,0.009443382,0.004169066
159,0.000753331,0.009495163,0.004233818
160,0.0007854145,0.010364972,0.0045277995
161,0.0007619115,0.009723549,0.004341802
162,0.0007669345,0.0098802685,0.004381657
163,0.0007713545,0.009928953,0.004433846
164,0.0007771565,0.0100035085,0.004491134
165,0.000779699,0.010122852,0.0045438895
166,0.000790407,0.010250514,0.0046443845
167,0.000907591,0.012339818,0.0056243725
168,0.000791508,0.0103878255,0.0047091675
169,0.000799193,0.01049809,0.0047577785
170,0.000800748,0.010632652,0.004814158
171,0.0008068455,0.010711063,0.0048654115
172,0.000809051,0.0107842175,0.0049306915
173,0.000827823,0.0112076245,0.0050451725
174,0.000835744,0.011490788,0.00512369
175,0.0008258855,0.011114843,0.005097104
176,0.0008319025,0.0113379845,0.005175197
177,0.0008347015,0.011332497,0.005230727
178,0.0008415065,0.0114444595,0.005287569
179,0.0008481445,0.0115901765,0.0053523835
180,0.0008661345,0.012321948,0.0055584415
181,0.000854367,0.0121429045,0.005480585
182,0.0008593195,0.0120279045,0.005532153
183,0.0008644135,0.011980979,0.0055539535
184,0.0008676105,0.012128043,0.005651016
185,0.0008715675,0.012208065,0.00569788
186,0.0008805295,0.0123445085,0.005794472
187,0.000910729,0.013211834,0.0060049665
188,0.0008933975,0.012607243,0.005889762
189,0.000892192,0.0126602815,0.0059429935
190,0.0008956365,0.012743685,0.0059877705
191,0.0009026145,0.012875851,0.006076595
192,0.0009106855,0.015091387,0.0061269135
193,0.0009138775,0.015699337,0.0062231215
194,0.0009377635,0.0167055285,0.0064090105
195,0.0009164355,0.016031429,0.0063397025
196,0.000922273,0.01597674,0.0063665405
197,0.000929036,0.0161326835,0.00644786
198,0.0009329395,0.0162707075,0.006502194
199,0.000934788,0.016429613,0.0065785665
200,0.000951957,0.016707011,0.0066949175
201,0.000963971,0.017293236,0.006770248
202,0.0009518755,0.016787602,0.0067700105
203,0.0009559755,0.0169356815,0.006838273
204,0.000963382,0.0170314215,0.0069055885
205,0.000966147,0.0172173725,0.006973063
206,0.0009691425,0.0173557425,0.0070477565
207,0.0009746985,0.0175155275,0.007125675
208,0.0009798835,0.017595929,0.007177459
209,0.000986821,0.0177424305,0.0072391145
210,0.0009916385,0.0178352115,0.007299487
211,0.0009929725,0.018008664,0.0073650505
212,0.0009971355,0.0181238065,0.0074449255
213,0.0010047355,0.0182709915,0.007534149
214,0.0010039745,0.018437841,0.007586411
215,0.001013099,0.018582247,0.0076674365
216,0.001023638,0.018797015,0.007781841
217,0.0010179305,0.0188552165,0.007798462
218,0.0010246885,0.018984053,0.007866413
219,0.0010294735,0.019122061,0.0079481825
220,0.001035714,0.0192501435,0.0080041025
221,0.0010356585,0.019396324,0.0080806575
222,0.0010436655,0.019537491,0.008143972
223,0.0010475765,0.019672006,0.0082133675
224,0.0010535335,0.019814348,0.008309172
225,0.0010570355,0.019973988,0.0083743685
226,0.0010642155,0.0200574035,0.0084424625
227,0.001065684,0.0202367085,0.008518821
228,0.001072368,0.0203688575,0.008588402
229,0.001074557,0.020563228,0.008690482
230,0.0010791865,0.02067503,0.008755431
231,0.00108625,0.0208225575,0.0088263525
232,0.0010910065,0.0209201095,0.0089053175
233,0.0010929815,0.021102685,0.008981195
234,0.0010965535,0.0212669835,0.0090824835
235,0.001105279,0.021392332,0.009128329
236,0.0011096195,0.021522351,0.009205602
237,0.0011116755,0.021700594,0.0092917005
238,0.0011142925,0.021832589,0.0093775965
239,0.001124307,0.0219873525,0.009449257
240,0.001127535,0.02213682,0.009537306
241,0.0011362215,0.0222378255,0.009617921
242,0.0011375385,0.0224259815,0.009694845
243,0.001140284,0.0225721795,0.009774429
244,0.0011474795,0.02273935,0.009872224
245,0.0011541555,0.02287933,0.009942661
246,0.0011526945,0.0230497325,0.0100298485
247,0.001163628,0.02320064,0.010094988
248,0.00116336,0.02335775,0.010207591
249,0.0011719915,0.0235024595,0.010275386
250,0.0011779715,0.0236242,0.0103622945
251,0.001174944,0.0238086675,0.0104545065
252,0.0011856555,0.023997792,0.0105337305
253,0.0011849385,0.024107281,0.0106284945
254,0.001195976,0.024361178,0.010677106
255,0.0011954435,0.024463381,0.0107862605
256,0.0012009775,0.0246103535,0.010902221
257,0.001210852,0.0247754665,0.0109656895
258,0.0012131055,0.024988847,0.011034103
259,0.001213355,0.0251458565,0.0111177895
260,0.0012198225,0.0252546415,0.0112097905
261,0.0012274765,0.0253926435,0.011281863
262,0.0012287745,0.025632915,0.0113794375
263,0.001233135,0.0257377595,0.0114849025
264,0.0012349905,0.025916206,0.0115571455
265,0.0012433745,0.0260546725,0.011651677
266,0.0012492505,0.0262011895,0.0117091685
267,0.001250416,0.0263580535,0.011795874
268,0.0012587225,0.0265611435,0.011914314
269,0.001263032,0.0267216895,0.011979758
270,0.001266941,0.0268504365,0.012059634
271,0.0012717855,0.027053301,0.012163616
272,0.0012764815,0.027203816,0.0122598945
273,0.0012813095,0.027410594,0.012318495
274,0.0012911315,0.027525927,0.012414794
275,0.0012963375,0.027721815,0.012519416
276,0.001301342,0.0278511325,0.0126323
277,0.001295834,0.028024327,0.0126924245
278,0.001304111,0.028186445,0.0127904635
279,0.001308604,0.0283858215,0.0129095875
280,0.0013116115,0.028512492,0.0129665765
281,0.0013189005,0.028732109,0.01308174
282,0.001327332,0.0288669655,0.013161104
283,0.0013277755,0.029096316,0.0132500475
284,0.001328371,0.029208087,0.0133523025
285,0.0013361865,0.0293933615,0.0134273955
286,0.0013386465,0.0295782085,0.0135654145
287,0.001348151,0.0298293595,0.0136886865
288,0.0013524175,0.029896017,0.013723725
289,0.001356704,0.030109501,0.0138333015
290,0.0013595175,0.030237332,0.0139144205
291,0.0013659915,0.030461619,0.014015016
292,0.001367917,0.030638702,0.014125131
293,0.001373849,0.0307552125,0.01419008
294,0.0013811955,0.030963496,0.0142955635
295,0.001378508,0.031101933,0.0144162145
296,0.0013836,0.031351084,0.0144925575
297,0.0013969265,0.03155292,0.0145918185
298,0.0014155345,0.0316586005,0.014721447
299,0.001404971,0.0318331585,0.0148185565
300,0.001412111,0.0320155045,0.0148852425
301,0.0014151405,0.032190435,0.0150529785
302,0.001418602,0.0323522235,0.0150890105
303,0.001420221,0.032626649,0.0151974525
304,0.001428855,0.0327348725,0.015284199
305,0.001435996,0.0329108765,0.0154205435
306,0.0014349595,0.0330921585,0.0155117805
307,0.0014379605,0.0332781695,0.015619617
308,0.001442497,0.0334148065,0.0157320225
309,0.0014518325,0.0335961485,0.015771419
310,0.0014535095,0.0338374775,0.0159119635
311,0.001461214,0.033970652,0.016030054
312,0.001468672,0.034147848,0.016105694
313,0.001463351,0.0343990775,0.016229816
314,0.0014735145,0.0345271425,0.0163069305
315,0.0014815725,0.034678843,0.016423598
316,0.0014812515,0.0348987225,0.016538046
317,0.0014889995,0.035059831,0.0166007625
318,0.001485641,0.03532707,0.016733557
319,0.0014972435,0.0354935355,0.016838964
320,0.0014977865,0.0356032525,0.01695448
321,0.001512426,0.0358738545,0.0170755075
322,0.001510018,0.0360034385,0.01716394
323,0.001514736,0.036297643,0.0172844935
324,0.0015230155,0.0363900725,0.017388981
325,0.0015231605,0.0365882995,0.017520034
326,0.0015225365,0.0367076085,0.0175958655
327,0.0015333735,0.0369758355,0.01773485
328,0.0015429625,0.037132637,0.0178057035
329,0.0015422545,0.0373874845,0.0179786065
330,0.001545216,0.037502274,0.01805612
331,0.001554178,0.037737911,0.01814345
332,0.0015526575,0.0380228265,0.0182699615
333,0.001560836,0.0381503,0.0183662515
334,0.0015650295,0.0382857365,0.0184941985
335,0.0015700915,0.038519243,0.01858174
336,0.001577367,0.0386525775,0.0187059925
337,0.001581762,0.039036186,0.018835114
338,0.001586269,0.0391026845,0.0189195625
339,0.0015863295,0.0394283355,0.0190803415
340,0.0015912965,0.039541628,0.01916049
341,0.0015989385,0.039728557,0.019290202
342,0.0016008255,0.0398226765,0.0193889035
343,0.0016086105,0.0400411365,0.0195327815
344,0.0016112915,0.040272493,0.0196178415
345,0.001617318,0.0405082345,0.0197219485
346,0.0016166985,0.0406850535,0.0198739825
347,0.0016197575,0.0408493125,0.0199489285
348,0.001626434,0.0411465235,0.020101089
349,0.0016311635,0.0413403485,0.0201814325
350,0.0016427405,0.0414659485,0.0203229505
351,0.001652727,0.0417415475,0.020399177
352,0.0016478235,0.0418636865,0.020506904
353,0.001649689,0.042094452,0.0206353205
354,0.0016589565,0.042276363,0.020763932
355,0.0016688095,0.04246952,0.0208940235
356,0.001661434,0.042617245,0.0209594665
357,0.00167245,0.0429421465,0.021144595
358,0.001673539,0.043095548,0.021222164
359,0.00167287,0.0433008525,0.021354164
360,0.001686025,0.0434700665,0.021459067
361,0.001693261,0.043696522,0.0216047145
362,0.001690359,0.043846852,0.021707691
363,0.0016924325,0.044140498,0.0218219125
364,0.001702268,0.0442937055,0.0219222845
365,0.0017168955,0.0446080645,0.0220677855
366,0.001720308,0.044750366,0.022188195
367,0.0017214055,0.044991915,0.0223238195
368,0.001713792,0.0452319615,0.0224538255
369,0.0017284505,0.045325812,0.022535706
370,0.001734256,0.045605694,0.022680493
371,0.0017365995,0.045807709,0.022794598
372,0.001742947,0.046013171,0.0229083635
373,0.0017432265,0.0462244365,0.023014226
374,0.0017460675,0.046426886,0.0231898725
375,0.001753394,0.046665568,0.0232834695
376,0.001756678,0.0468687635,0.023453863
377,0.0017689825,0.0471437535,0.0235490455
378,0.001772451,0.0472525225,0.023642482
379,0.0017733835,0.0474433135,0.02378021
380,0.0017764255,0.0477348165,0.023893701
381,0.0017872305,0.047914114,0.0240077685
382,0.001792904,0.0483522385,0.024126397
383,0.0017916325,0.048460936,0.0242418695
384,0.0018038515,0.0569302385,0.0244011775
385,0.0018009835,0.058945837,0.024533972
386,0.001805532,0.0592168795,0.024633519
387,0.0018060995,0.059342695,0.024802029
388,0.0018198595,0.0595330555,0.024930826
389,0.0018189455,0.05992745,0.025082117
390,0.001820494,0.060159216,0.025165071
391,0.001836141,0.0604131255,0.025310217
392,0.0018381325,0.0606764915,0.025444451
393,0.001839016,0.060775109,0.025580591
394,0.00184471,0.0611937935,0.0257440805
395,0.001838861,0.061439173,0.025890886
396,0.001849802,0.0615847515,0.026027969
397,0.001861474,0.061921322,0.0261227525
398,0.001863856,0.0621353355,0.026243936
399,0.001870638,0.062425756,0.026392367
400,0.0018695155,0.0626563215,0.0265108505
401,0.001870538,0.0628340385,0.0266858655
402,0.0018792375,0.0632012805,0.026794414
403,0.0018820835,0.0633908845,0.0268885325
404,0.0018871415,0.0636793645,0.02705441
405,0.0018924395,0.064026722,0.0272024515
406,0.001894321,0.064272395,0.027358361
407,0.001908308,0.0645315255,0.0275072745
408,0.001909761,0.0647372255,0.0275983055
409,0.0019176005,0.064980498,0.0277690285
410,0.001914838,0.065324524,0.0279062875
411,0.0019243485,0.065517199,0.027986494
412,0.001923124,0.065842304,0.0281403
413,0.001928812,0.0660788605,0.0282560915
414,0.001926951,0.066290114,0.02843107
415,0.001943908,0.066604898,0.028592068
416,0.001947274,0.0667267975,0.0286730235
417,0.0019540155,0.0670517505,0.028880362
418,0.001953591,0.0673886335,0.0290327385
419,0.0019578455,0.067569726,0.029103515
420,0.001973104,0.068013994,0.029301045
421,0.001972425,0.068254023,0.0294408235
422,0.001975841,0.0684721375,0.0296016205
423,0.0019908935,0.068804728,0.0297411915
424,0.0019801635,0.069159909,0.0299082555
425,0.0019951865,0.069273171,0.0300228045
426,0.0020001355,0.069403568,0.0301702
427,0.0020005315,0.069834327,0.030327732
428,0.002005659,0.070008971,0.0304253075
429,0.002015276,0.070380931,0.030607728
430,0.002010673,0.0706162945,0.0307342475
431,0.002023447,0.0709631055,0.0309285575
432,0.002015051,0.0711605065,0.031080343
433,0.002024042,0.0714292205,0.0312244545
434,0.0020275835,0.0718002165,0.031380251
435,0.002040334,0.0721323995,0.0315416515
436,0.0020440995,0.072451652,0.0317032015
437,0.0020478645,0.0726162125,0.031848356
438,0.002057407,0.072975066,0.031997127
439,0.002059887,0.0731908095,0.032165382
440,0.002056825,0.0733871435,0.032295098
441,0.0020607485,0.073631192,0.0324543605
442,0.0020701,0.074106478,0.032608284
443,0.0020660975,0.074393767,0.0327321325
444,0.0020797735,0.0745694055,0.032882444
445,0.002085574,0.0749103715,0.0330501105
446,0.002080215,0.0753872055,0.0332219695
447,0.0021038085,0.075580281,0.033400986
448,0.0020997345,0.075694798,0.0335154545
449,0.002103812,0.0759950805,0.033684163
450,0.002106044,0.076362692,0.0338042085
451,0.0021121355,0.076646708,0.034023698
452,0.0021170535,0.07696753,0.034178275
453,0.002112036,0.0769677975,0.034323563
454,0.0021266875,0.0773720585,0.0344568345
455,0.0021367775,0.077567586,0.0345861175
456,0.002132284,0.077978808,0.0347434955
457,0.0021355515,0.078273694,0.0349575725
458,0.0021458535,0.0785056525,0.035085921
459,0.0021537885,0.0786913785,0.03528995
460,0.0021592035,0.078852714,0.0354013675
461,0.0021614135,0.079335771,0.035573438
462,0.002155692,0.0796302405,0.0357073055
463,0.0021805365,0.079857386,0.0358942645
464,0.0021612145,0.080082926,0.0360271365
465,0.0021812175,0.0807212845,0.0362160525
466,0.002180769,0.080843698,0.0364002345
467,0.002185417,0.081188531,0.036511329
468,0.002191249,0.0814372635,0.0366582155
469,0.002194374,0.0817430375,0.0368334795
470,0.002193022,0.082039065,0.037036441
471,0.002199004,0.0817215975,0.0372004775
472,0.0022095705,0.0825844495,0.037407671
473,0.002227879,0.082982164,0.037498299
474,0.0022212175,0.0831650225,0.0377072985
475,0.0022167345,0.083469855,0.0378533315
476,0.002227629,0.083749402,0.0379934015
477,0.002242273,0.0844165255,0.0381835735
478,0.0022387285,0.0842141345,0.0383507555
479,0.0022372875,0.084935685,0.038549154
480,0.002245389,0.0852067935,0.0387394715
481,0.0022567525,0.085536474,0.0389072015
482,0.002250933,0.0856858325,0.039072273
483,0.0022627285,0.0859928255,0.0392281465
484,0.0022677035,0.0863271,0.0394048325
485,0.0022761625,0.0867041235,0.039583696
486,0.0022733995,0.0869112485,0.0396800605
487,0.0022832745,0.087107749,0.039857792
488,0.0022899555,0.087542079,0.04005444
489,0.002284726,0.08763753,0.040202127
490,0.002288429,0.087922271,0.0403392385
491,0.002305572,0.0884062095,0.040504545
492,0.0023085655,0.088241247,0.040667278
493,0.0023131035,0.089066271,0.040859494
494,0.002308675,0.089333726,0.041116713
495,0.0023134955,0.08967494,0.0411686225
496,0.0023226795,0.0898287445,0.041383973
497,0.002333811,0.090288609,0.041618657
498,0.002312388,0.090390116,0.0417757405
499,0.0023459205,0.0908720385,0.04191681
500,0.002337924,0.090567943,0.042151386
501,0.002338467,0.0916447445,0.0422871225
502,0.002361568,0.0918995175,0.0424331865
503,0.0023548865,0.092236179,0.0426593555
504,0.002379817,0.094470713,0.042872192
505,0.0023770955,0.0948687195,0.043129123
506,0.0023897655,0.0949662305,0.0432891465
507,0.002384345,0.095265672,0.0434234655
508,0.002397122,0.095386015,0.0435449715
509,0.0023962545,0.0961080625,0.043852062
510,0.0024115555,0.0948193395,0.0438709545
511,0.002394176,0.094197255,0.044036221
512,0.0024040975,0.0950436435,0.0441881415
513,0.0024242915,0.0971126375,0.0444241395
514,0.0024129495,0.0957917745,0.044562431
515,0.002408911,0.0961707525,0.044795385
516,0.002434682,0.0963321515,0.0449231645
517,0.0024296705,0.097640021,0.045202127
518,0.0024408995,0.0990724625,0.045476538
519,0.0024575355,0.099396847,0.0456581145
520,0.0024484325,0.0998305115,0.045898303
521,0.0024639705,0.100026938,0.0460608615
522,0.0024580085,0.10043116,0.046316554
523,0.002475852,0.1006106345,0.0465372845
524,0.0024777765,0.101078346,0.046664515
525,0.002461881,0.101258025,0.0467767235
526,0.002486713,0.1015397785,0.047070068
527,0.0024780255,0.0999662075,0.0470176275
528,0.0024776465,0.100292005,0.047225811
529,0.002479461,0.1007536845,0.0473656995
530,0.0024864445,0.100961273,0.047600843
531,0.0024959385,0.1005991325,0.0477866205
532,0.002492068,0.101656057,0.048072673
533,0.0025127995,0.101848138,0.048339747
534,0.0024991615,0.102340505,0.048390407
535,0.0025023085,0.102992526,0.048593812
536,0.002502931,0.103070015,0.048829905
537,0.002517653,0.103532636,0.048970312
538,0.0025202145,0.103676466,0.04922687
539,0.0025357655,0.1042598625,0.049386215
540,0.002529597,0.1042357285,0.049591398
541,0.002528774,0.1047267405,0.0497869665
542,0.0025497185,0.1050540545,0.0499365205
543,0.002540993,0.105327495,0.050116548
544,0.0025445065,0.105372528,0.050344334
545,0.002555872,0.105864807,0.0505899805
546,0.0025546005,0.105938876,0.0507913725
547,0.002571116,0.10638845,0.050964971
548,0.0025690205,0.1069912305,0.051102424
549,0.002570588,0.1074731735,0.051254308
550,0.0025788235,0.1076685645,0.0514258235
551,0.0025830655,0.1078546915,0.051557369
552,0.0025897635,0.1088384505,0.051751671
553,0.002605567,0.109085646,0.0520032035
554,0.002607081,0.109247568,0.052141631
555,0.0026020455,0.109376265,0.052343155
556,0.002602693,0.109729602,0.052557848
557,0.002624458,0.111199826,0.0528426655
558,0.0026235805,0.1120442205,0.0530224195
559,0.0026266945,0.110723378,0.0530990385
560,0.0026181645,0.1105022505,0.053387328
561,0.0026258845,0.1112789365,0.0535347595
562,0.002630574,0.11194138,0.0537424365
563,0.002641825,0.1121867165,0.054058454
564,0.0026462605,0.112397757,0.054299057
565,0.0026497635,0.1129487525,0.054433537
566,0.002661748,0.113139391,0.054753933
567,0.002662548,0.1132449725,0.0549292455
568,0.0026634355,0.113981035,0.0550943665
569,0.002660591,0.114506682,0.055134941
570,0.002669701,0.1147822375,0.055480229
571,0.0026722655,0.1150061145,0.0556671315
572,0.002687464,0.1153692395,0.055880087
573,0.0026899315,0.1155184795,0.056128916
574,0.002701067,0.1165198095,0.056351222
575,0.0026942555,0.1165021965,0.0565007615
576,0.002692511,0.1166235645,0.056733348
577,0.002708924,0.1170631185,0.056902884
578,0.0027068695,0.117262087,0.0570069975
579,0.00271619,0.1178812305,0.057213689
580,0.00271675,0.1182876415,0.057549897
581,0.0027275015,0.118868747,0.057762819
582,0.0027252645,0.119091246,0.0578882225
583,0.002747609,0.119765179,0.058146504
584,0.002742674,0.1198203345,0.058274148
585,0.0027495495,0.120259847,0.058415521
586,0.002744641,0.1203303395,0.058615402
587,0.002743384,0.1207422185,0.0589705925
588,0.0027580365,0.12101846,0.0591432775
589,0.00275249,0.1203894775,0.0592764965
590,0.0027663505,0.1208970435,0.0595978755
591,0.002782036,0.122574539,0.0599781305
592,0.002793233,0.123291934,0.0602728445
593,0.002800538,0.123730552,0.060389358
594,0.0027964205,0.1238023505,0.060559107
595,0.002812725,0.124119651,0.060844698
596,0.002810117,0.124264129,0.060974016
597,0.0028143385,0.124830305,0.061257323
598,0.0028215865,0.1254061115,0.061521411
599,0.0028151345,0.1251007475,0.0616977235
600,0.002822444,0.125394141,0.061702436
601,0.00281804,0.1257085695,0.0619962515
602,0.002819697,0.1261215505,0.062160848
603,0.0028317585,0.125926656,0.062344267
604,0.0028337585,0.1270624575,0.0625979965
605,0.002842317,0.126768845,0.062892355
606,0.0028510075,0.127721249,0.063048926
607,0.0028570215,0.1276461295,0.0631871435
608,0.00284722,0.1283028965,0.0634377485
609,0.0028668455,0.1287161845,0.06368187
610,0.0028596875,0.129007019,0.064016516
611,0.002877531,0.129898774,0.064167046
612,0.002890968,0.1306767805,0.064702007
613,0.002890726,0.131264536,0.0647908015
614,0.002892729,0.131713331,0.064985654
615,0.002894537,0.131293007,0.0652490455
616,0.0029083155,0.1318627925,0.0654540225
617,0.002913316,0.1322824515,0.065697925
618,0.002912481,0.1328632925,0.066262682
619,0.0029010045,0.132706595,0.065969404
620,0.002904446,0.133411548,0.066285188
621,0.002907771,0.13369581,0.066469789
622,0.002938696,0.1338769755,0.066873419
623,0.002925963,0.1345248745,0.067050458
624,0.002939722,0.1350894395,0.06713366
625,0.0029540435,0.1353990635,0.067330741
626,0.0029444515,0.1355378575,0.067589516
627,0.0029444245,0.1351187855,0.0677430235
628,0.0029455505,0.1366648255,0.068034759
629,0.00295737,0.135980958,0.0682449065
630,0.002966007,0.136825623,0.068563158
631,0.0029611515,0.1360839145,0.0687020865
632,0.0029659555,0.1379766775,0.0689539105
633,0.0029735355,0.1371519995,0.0693418115
634,0.002975528,0.138904412,0.0696632455
635,0.002986535,0.1395744305,0.0697764565
636,0.002985751,0.139797598,0.069900073
637,0.0029866835,0.1389156045,0.070134458
638,0.00298821,0.140195647,0.070355409
639,0.0029969085,0.1408574995,0.0706298345
640,0.003004962,0.141576803,0.0708672755
641,0.003000471,0.141655911,0.0711016795
642,0.003016473,0.14230228,0.07138308
643,0.003024106,0.1423456255,0.071629532
644,0.003026724,0.143032299,0.071791667
645,0.003030317,0.1414186475,0.072034828
646,0.0030313065,0.1420215755,0.072200063
647,0.0030294395,0.1441707725,0.072526719
648,0.003036274,0.1444082625,0.072761626
649,0.003046015,0.1445898435,0.072939487
650,0.0030470745,0.1451805395,0.0731590475
651,0.0030648265,0.1452671835,0.0734547845
652,0.0030627115,0.145744282,0.0736382915
653,0.0030719185,0.1464140065,0.073843215
654,0.0030693515,0.1455248055,0.0740849965
655,0.0030693915,0.145448797,0.0742868305
656,0.0030920765,0.1460844305,0.074479012
657,0.0030901165,0.147979106,0.0747688335
658,0.0030887185,0.1485731365,0.075165171
659,0.0030860945,0.148988374,0.075217654
660,0.003102885,0.146767724,0.075364105
661,0.003093088,0.1481157825,0.075634273
662,0.0031228615,0.148136853,0.0759402405
663,0.0031072225,0.150405293,0.0761102045
664,0.003114829,0.151033825,0.076401755
665,0.0031335425,0.1516028465,0.0766965175
666,0.00312926,0.1505889915,0.077004119
667,0.0031345995,0.151441061,0.077213276
668,0.0031344865,0.151941281,0.077543
669,0.003154113,0.1522542555,0.0777696785
670,0.0031498635,0.151897378,0.0780852335
671,0.003143451,0.153237402,0.078251681
672,0.003147035,0.1536494525,0.0784520055
673,0.0031696955,0.154168611,0.078802839
674,0.0031614125,0.153446633,0.0790284495
675,0.0031661095,0.154736315,0.07931341
676,0.003175494,0.1546528305,0.0795060015
677,0.0031759705,0.15443281,0.079688742
678,0.00319279,0.1549887475,0.0798297985
679,0.0031774795,0.155524479,0.07994342
680,0.003198961,0.157046938,0.0801626885
681,0.003190781,0.1574659275,0.0804953155
682,0.003174448,0.1585007425,0.080769839
683,0.0032046135,0.1579949345,0.081006487
684,0.0032128685,0.1591206865,0.0811765915
685,0.0032187555,0.159708188,0.0814988195
686,0.0032262555,0.1586926425,0.0816816785
687,0.003217628,0.1606800055,0.082037002
688,0.003228755,0.161178538,0.0821620875
689,0.003242286,0.159466589,0.0824919735
690,0.003235847,0.1612401715,0.0824907615
691,0.0032416065,0.1613270595,0.082864972
692,0.003245808,0.160784542,0.0830332285
693,0.0032506385,0.16222394,0.083372295
694,0.003254639,0.160918253,0.083588356
695,0.0032554675,0.1631039145,0.0840220985
696,0.0032617155,0.1641176575,0.084210106
697,0.0032665265,0.1649945295,0.084387485
698,0.0032714825,0.165148005,0.084879296
699,0.0032866175,0.162597183,0.085192321
700,0.0032771115,0.163819876,0.0854790585
701,0.00328939,0.166533194,0.085496044
702,0.0032815885,0.164468035,0.0860783545
703,0.003304878,0.1677765545,0.0862577585
704,0.003311275,0.1653219375,0.0864741085
705,0.0033099205,0.1681037675,0.0866929165
706,0.0033185555,0.1684884825,0.086985888
707,0.0033087355,0.167611816,0.087273187
708,0.0033214805,0.1692173565,0.087402507
709,0.003328327,0.1701149495,0.08783473
710,0.0033252475,0.170282092,0.0880728125
711,0.003332041,0.170863849,0.088146975
712,0.003336097,0.168910774,0.088544898
713,0.0033397885,0.1718472315,0.0887231715
714,0.0033523945,0.1701807185,0.088942724
715,0.0033489345,0.172698717,0.089266833
716,0.0033589765,0.173320198,0.0895201125
717,0.0033588745,0.17204447,0.089590957
718,0.0033754255,0.1738247345,0.090062703
719,0.003379164,0.174760853,0.0901209935
720,0.0033733625,0.1737531235,0.0905479965
721,0.003387798,0.1752529065,0.0906554735
722,0.003389589,0.175762931,0.0911565495
723,0.003385125,0.1744528435,0.091323647
724,0.0034121345,0.175466921,0.091561728
725,0.0034071475,0.1772728635,0.091793794
726,0.003416654,0.177570577,0.092068661
727,0.003407854,0.178272789,0.0924375
728,0.003418345,0.178681039,0.0926909185
729,0.003429744,0.179691695,0.0932456685
730,0.003431631,0.179345885,0.093355362
731,0.003421352,0.1796637145,0.093488566
732,0.003430601,0.1791168565,0.0936768915
733,0.003428621,0.180669859,0.09394457
734,0.0034512845,0.1803546605,0.094419036
735,0.0034463415,0.1814547365,0.0946669685
736,0.003455947,0.1806090075,0.0948009715
737,0.0034635725,0.1827593195,0.0952141525
738,0.003467088,0.1831944685,0.095349842
739,0.003472616,0.181554632,0.095472083
740,0.0034726925,0.183899177,0.095826407
741,0.003480794,0.1843651845,0.0960238105
742,0.003481774,0.184470244,0.096399835
743,0.003501078,0.185844888,0.0967083615
744,0.003489395,0.1856396365,0.0970298625
745,0.0034949335,0.1832699065,0.097289874
746,0.0035035195,0.186838071,0.097576253
747,0.0035055255,0.1869633495,0.0978402645
748,0.003520896,0.18746248,0.098096207
749,0.003512254,0.1871582465,0.0984941595
750,0.003517712,0.1869425955,0.0985852985
751,0.003518744,0.1885427095,0.0988633765
752,0.003531908,0.1889147175,0.098845105
753,0.003531041,0.188687994,0.0993748095
754,0.0035388055,0.189793295,0.099721684
755,0.0035508655,0.1887684545,0.099932105
756,0.0035544305,0.1916716975,0.100377354
757,0.003556781,0.192567374,0.1007307045
758,0.003567871,0.19315011,0.1008541415
759,0.0035551915,0.193322799,0.101209815
760,0.003570211,0.1935954425,0.101454342
761,0.003575979,0.1918591615,0.1016101705
762,0.003578665,0.1944324365,0.1019744105
763,0.0035856905,0.194120172,0.1021123765
764,0.003591014,0.1948546545,0.102341489
765,0.003586456,0.193896446,0.102721682
766,0.0036030155,0.1948765175,0.102861173
767,0.0036051635,0.1971030125,0.1032492985
768,0.003602006,0.227177084,0.1033849815
769,0.0036103125,0.2375067315,0.103678354
770,0.0036213865,0.2354361775,0.103923064
771,0.0036274855,0.233836625,0.1043612675
772,0.003625445,0.2365620595,0.1047354795
773,0.003629185,0.234576146,0.104911214
774,0.0036320555,0.23699943,0.1052558915
775,0.003633135,0.2355408985,0.105713988
776,0.003635239,0.23685242,0.106094226
777,0.0036528065,0.243770782,0.1065363935
778,0.003651919,0.2401789495,0.106506068
779,0.0036465505,0.239067985,0.106804175
780,0.00366413,0.2387082325,0.1072737035
781,0.003671114,0.2421599645,0.1073667485
782,0.003676891,0.2450345395,0.1076566965
783,0.0036754625,0.242273067,0.1078908005
784,0.0036814955,0.2435843285,0.1082792445
785,0.0036884265,0.246520278,0.108651055
786,0.0036940275,0.247642445,0.1088378665
787,0.0036995455,0.2466141385,0.108873913
788,0.0037044675,0.2487131455,0.1090573055
789,0.0037068925,0.243214027,0.109691284
790,0.003717109,0.2472941365,0.109766358
791,0.0037121405,0.251281885,0.109794824
792,0.003712068,0.246487372,0.11007985
793,0.0037285475,0.250033873,0.110571299
794,0.003729983,0.251195394,0.1109817425
795,0.0037292485,0.247977265,0.1111276815
796,0.0037332605,0.253865138,0.1115550595
797,0.003739747,0.2504897255,0.1117778605
798,0.003755871,0.246883864,0.111986437
799,0.0037572715,0.2540049995,0.1122170065
800,0.003756397,0.2476541805,0.1125087305
801,0.0037619695,0.252882111,0.112675536
802,0.0037624185,0.251024752,0.113233148
803,0.0037674,0.2539973835,0.1137875525
804,0.003783846,0.256730993,0.114090171
805,0.00378219,0.2529004115,0.114358387
806,0.003792932,0.254323298,0.114872319
807,0.003798927,0.2515358945,0.1147163945
808,0.003797109,0.25557414,0.115075055
809,0.0038001015,0.252903973,0.115214255
810,0.0038099925,0.2544735115,0.1154424335
811,0.0038113575,0.255845781,0.1157858685
812,0.003810205,0.2547001155,0.1163501115
813,0.0038255445,0.254822125,0.116410583
814,0.003832347,0.255020246,0.116800759
815,0.0038278165,0.255863056,0.117058079
816,0.0038421625,0.2565163755,0.117816844
817,0.003830047,0.2632615395,0.117922323
818,0.0038357015,0.26130132,0.118101936
819,0.003842638,0.2575525675,0.118259222
820,0.0038516365,0.261961843,0.1184420915
821,0.0038457965,0.260186344,0.118798665
822,0.0038714105,0.2637076475,0.1191096055
823,0.0038687055,0.264828656,0.119316641
824,0.0038719115,0.260265908,0.1197958325
825,0.003868843,0.2644238185,0.1201944895
826,0.003878747,0.2659892625,0.1205365075
827,0.003888224,0.267427711,0.1207530465
828,0.003889025,0.265929453,0.1210396255
829,0.003897611,0.269957952,0.121784273
830,0.003899954,0.2707476615,0.1217303135
831,0.003900933,0.266218103,0.121946367
832,0.0039129945,0.267826478,0.122524709
833,0.00393112,0.269136233,0.1229388725
834,0.003926805,0.2738699735,0.123302473
835,0.0039355085,0.2690802235,0.1235052595
836,0.003931432,0.2706631205,0.1237013285
837,0.003938059,0.2689007095,0.124141401
838,0.0039430125,0.2718416325,0.1245280025
839,0.0039456525,0.2702184685,0.124695613
840,0.00394541,0.2730129035,0.1249073825
841,0.0039485285,0.2762337115,0.125060669
842,0.0039639535,0.274481345,0.125417637
843,0.003957113,0.275194871,0.1256034985
844,0.0039631835,0.274987002,0.1258159445
845,0.003972323,0.273225499,0.1262577775
846,0.003962591,0.2784250665,0.1263565895
847,0.003988601,0.2813480815,0.127069192
848,0.003986609,0.274470847,0.1271232925
849,0.0039842525,0.276276279,0.1278501905
850,0.0039851555,0.2792224925,0.128237775
851,0.003995339,0.2766712705,0.1285275765
852,0.004012392,0.280044444,0.128584775
853,0.0040002915,0.2778574555,0.1290045585
854,0.004014354,0.2822274495,0.1295458565
855,0.0040150395,0.2797969825,0.129607862
856,0.0040242865,0.281114663,0.129617791
857,0.0040155485,0.2826348345,0.1298133725
858,0.004035811,0.2842092745,0.130125938
859,0.004028307,0.2871479225,0.13039573
860,0.0040401775,0.2804183695,0.130783438
861,0.004048845,0.2811578695,0.1309087915
862,0.0040566415,0.2863444955,0.1316428635
863,0.004063599,0.2856010215,0.1320711855
864,0.0040610705,0.2864922585,0.1322403955
865,0.004068806,0.285218946,0.132613757
866,0.00406627,0.291935798,0.13273492
867,0.0040754405,0.2856468405,0.133474706
868,0.00407655,0.289037865,0.133628245
869,0.004081274,0.2872435565,0.1339557
870,0.0040900205,0.290457808,0.1343449835
871,0.004089329,0.2899444395,0.134486713
872,0.0040921475,0.2912233365,0.134817487
873,0.004098518,0.291249609,0.1352294645
874,0.004105493,0.288025093,0.135577461
875,0.004103979,0.292079308,0.135707566
876,0.0041169655,0.2931066335,0.1363008245
877,0.0041172595,0.29305418,0.1368505655
878,0.0041312615,0.291532155,0.137385738
879,0.004127483,0.2960556135,0.1373844645
880,0.004134202,0.292703129,0.1375650305
881,0.00413919,0.2950595585,0.1377070975
882,0.004136683,0.2958927135,0.137984544
883,0.0041519025,0.297101457,0.1383862335
884,0.0041503185,0.298325892,0.138907019
885,0.004156822,0.2979384005,0.139167728
886,0.004152098,0.3006693635,0.139530133
887,0.00417372,0.3030777895,0.139988876
888,0.004169576,0.3012879095,0.140285294
889,0.0041681705,0.2996264415,0.140461038
890,0.0041830115,0.304385432,0.140876713
891,0.0041959655,0.3046876115,0.141243199
892,0.0041874955,0.3007121985,0.141779023
893,0.004193262,0.299092327,0.141683265
894,0.0042069065,0.301910066,0.1421965235
895,0.004214835,0.305361652,0.1425571245
896,0.004226672,0.304092972,0.1430984605
897,0.004215906,0.303614368,0.143150065
898,0.0042185655,0.305146791,0.1434894965
899,0.0042311415,0.3122704075,0.144161272
900,0.004229431,0.3061105055,0.1443549135
901,0.0042335935,0.3044096685,0.1444210305
902,0.0042411,0.307332283,0.144967076
903,0.004247587,0.30755805,0.1453697165
904,0.004246427,0.3150194705,0.1456549575
905,0.004248715,0.3064600675,0.14598958
906,0.0042606085,0.3076968485,0.1462865795
907,0.004275235,0.3110923865,0.146634319
908,0.0042608195,0.31593953,0.146881768
909,0.0042681205,0.313542217,0.147206507
910,0.0042866095,0.309714016,0.1477479015
911,0.00427471,0.3121538745,0.1482498685
912,0.0042887785,0.3110627095,0.1483940545
913,0.0042921955,0.32139334,0.1485611145
914,0.0042993975,0.316235884,0.148829212
915,0.0042981895,0.321770531,0.1488699885
916,0.0043003825,0.312848955,0.149561051
917,0.0043105355,0.315040169,0.149594058
918,0.0043062325,0.3179282015,0.149577233
919,0.004325202,0.3176252235,0.149891994
920,0.004316253,0.319443354,0.1502660265
921,0.004323335,0.3164936225,0.150675366
922,0.0043214595,0.324908839,0.1509911005
923,0.004349733,0.316678957,0.151251583
924,0.0043362495,0.322399279,0.1519972235
925,0.0043571545,0.3288879745,0.1518493255
926,0.004331244,0.3196600315,0.152108101
927,0.0043589945,0.326382517,0.1526091975
928,0.004368858,0.3196135975,0.153412705
929,0.0043630715,0.332131943,0.153642506
930,0.004378031,0.336555371,0.154224659
931,0.0043869525,0.336971392,0.1546227205
932,0.004382092,0.334999869,0.1548037475
933,0.0043910145,0.331502354,0.1555529275
934,0.0043934985,0.323624513,0.155772656
935,0.004391573,0.327970219,0.1564015205
936,0.0044067595,0.331654544,0.156456911
937,0.0044122865,0.3264256565,0.156705907
938,0.004414146,0.3285013925,0.1569235265
939,0.004402698,0.3338977375,0.1567311145
940,0.0044123255,0.33411943,0.1574729805
941,0.004416206,0.3300668525,0.1582137675
942,0.004441089,0.3310808055,0.1585479085
943,0.0044307925,0.334459875,0.158912392
944,0.0044402875,0.3345690105,0.159369693
945,0.0044289965,0.342275499,0.1593918515
946,0.0044496525,0.3309575615,0.159698872
947,0.004451284,0.3330098645,0.1602075755
948,0.0044490585,0.3368452205,0.160404815
949,0.0044645305,0.334405928,0.1605013815
950,0.004463472,0.3379499355,0.1613954115
951,0.004469915,0.3376186535,0.161232313
952,0.0044706895,0.3382524995,0.1613938375
953,0.00448909,0.34235835,0.1623589265
954,0.004509107,0.346172763,0.162727169
955,0.004517894,0.346827889,0.1629027725
956,0.004503154,0.348486651,0.163114713
957,0.004503248,0.3407356585,0.1631017185
958,0.0045182185,0.3475498255,0.164065348
959,0.004518521,0.3414216285,0.16457261
960,0.004523257,0.35315842,0.165443101
961,0.004531547,0.3526538965,0.165344258
962,0.004522108,0.338070666,0.165172322
963,0.004526675,0.3512347195,0.165352506
964,0.0045276845,0.34253818,0.166399759
965,0.0045357025,0.3468689205,0.1665046575
966,0.0045660955,0.355813367,0.16773038
967,0.0045617295,0.353491033,0.1681836415
968,0.004541293,0.3474591125,0.1677648345
969,0.004556443,0.350384501,0.168550344
970,0.0045591435,0.358485166,0.1685944925
971,0.0045604455,0.3508964125,0.168801777
972,0.004566173,0.3497019155,0.1694681155
973,0.004576769,0.34867051,0.1695377325
974,0.0045813455,0.351877021,0.1697024925
975,0.004581403,0.3505565855,0.170290569
976,0.0045958385,0.3609861465,0.1704369995
977,0.0045947945,0.3603398135,0.1710573595
978,0.0045939785,0.3547894795,0.170993232
979,0.004600237,0.3582231885,0.1714603995
980,0.0046002955,0.3544944415,0.1717718475
981,0.0046010695,0.357618316,0.171844146
982,0.0046268055,0.367546743,0.172822503
983,0.004637417,0.3689849225,0.1730161815
984,0.0046474495,0.3695733635,0.1733928475
985,0.0046272035,0.367113155,0.1732552785
986,0.004631018,0.3599985375,0.173806107
987,0.004645256,0.366137767,0.1742357165
988,0.0046422655,0.3572026,0.1746527865
989,0.004648513,0.362094924,0.175131079
990,0.004653329,0.3627820285,0.1757555275
991,0.004656886,0.361826098,0.175555185
992,0.0046574695,0.361444932,0.175646367
993,0.004667411,0.363917673,0.1759725855
994,0.004674829,0.366352117,0.1761894265
995,0.0046855865,0.374787816,0.1770623615
996,0.0046722075,0.3747257435,0.177838157
997,0.004701894,0.368048817,0.1781682445
998,0.004689125,0.365336247,0.1783665045
999,0.0046925695,0.3663092385,0.178670356
1000,0.0047158735,0.3675833535,0.179001733
